                  epoch,         train/box_loss,         train/cls_loss,         train/dfl_loss,   metrics/precision(B),      metrics/recall(B),       metrics/mAP50(B),    metrics/mAP50-95(B),           val/box_loss,           val/cls_loss,           val/dfl_loss,                 lr/pg0,                 lr/pg1,                 lr/pg2
                      1,                0.80953,                 3.2338,                 1.0739,                0.25493,                0.40991,                0.20557,                0.15848,                0.82019,                 2.8269,                 1.0451,             0.00017375,             0.00017375,             0.00017375
                      2,                0.70331,                 2.2131,                  1.005,                0.28838,                0.52219,                0.33795,                 0.2836,                0.65329,                 2.3091,                0.93791,             0.00017629,             0.00017629,             0.00017629
